{
  "classes": [
    {
      "id": "0",
      "name": "unknown",
      "color": "[170,0,85]",
      "super-category": "misc"
    },
    {
      "id": "1",
      "name": "grasper",
      "color": "[0,85,170]",
      "super-category": "instrument"
    },
    {
      "id": "2",
      "name": "bipolar",
      "color": "[0,85,255]",
      "super-category": "instrument"
    },
    {
      "id": "3",
      "name": "hook",
      "color": "[0,170,85]",
      "super-category": "instrument"
    },
    {
      "id": "4",
      "name": "scissors",
      "color": "[0,255,85]",
      "super-category": "instrument"
    },
    {
      "id": "5",
      "name": "clipper",
      "color": "[0,255,170]",
      "super-category": "instrument"
    },
    {
      "id": "6",
      "name": "irrigator",
      "color": "[85,0,170]",
      "super-category": "instrument"
    },
    {
      "id": "7",
      "name": "specimen-bag",
      "color": "[85,0,255]",
      "super-category": "instrument"
    },
    {
      "id": "8",
      "name": "trocars",
      "color": "[170,85,85]",
      "super-category": "instrument"
    },
    {
      "id": "9",
      "name": "clip",
      "color": "[170,170,170]",
      "super-category": "instrument"
    },
    {
      "id": "10",
      "name": "liver",
      "color": "[85,170,0]",
      "super-category": "organ"
    },
    {
      "id": "11",
      "name": "gall-bladder",
      "color": "[85,170,255]",
      "super-category": "organ"
    },
    {
      "id": "12",
      "name": "fat",
      "color": "[85,255,0]",
      "super-category": "organ"
    },
    {
      "id": "13",
      "name": "upperwall",
      "color": "[85,255,170]",
      "super-category": "organ"
    },
    {
      "id": "14",
      "name": "artery",
      "color": "[170,0,255]",
      "super-category": "artery"
    },
    {
      "id": "15",
      "name": "intestine",
      "color": "[255,0,255]",
      "super-category": "organ"
    },
    {
      "id": "16",
      "name": "bile",
      "color": "[255,255,0]",
      "super-category": "fluid"
    },
    {
      "id": "17",
      "name": "blood",
      "color": "[255,0,0]",
      "super-category": "fluid"
    },
    {
      "id": "18",
      "name": "black",
      "color": "[0,0,0]",
      "super-category": "misc"
    }
  ]
}
